{
    "[RIVER, TIME] One Step LK": 0.8401808738708496,
    "[RIVER, MSE] Original video": 46.84747208436725,
    "[RIVER, MSE] One Step LK": 654.6094072166175,
    "[RIVER, TIME] Full LK": 17.898491144180298,
    "[RIVER, MSE] Full LK": 36.549721584950014
}